{"mean":{"confidence_interval":{"confidence_level":0.95,"lower_bound":52194.85030015442,"upper_bound":52374.73049191876},"point_estimate":52282.99945313579,"standard_error":45.944070341421245},"median":{"confidence_interval":{"confidence_level":0.95,"lower_bound":52039.930555555555,"upper_bound":52295.48872180451},"point_estimate":52163.73002846587,"standard_error":65.51245369881998},"median_abs_dev":{"confidence_interval":{"confidence_level":0.95,"lower_bound":315.3085766767377,"upper_bound":551.2276780253871},"point_estimate":458.8203712864444,"standard_error":57.095324812212944},"slope":{"confidence_interval":{"confidence_level":0.95,"lower_bound":52068.1541971615,"upper_bound":52258.97517017318},"point_estimate":52156.84436374666,"standard_error":48.730027970619055},"std_dev":{"confidence_interval":{"confidence_level":0.95,"lower_bound":390.5241591440622,"upper_bound":523.2030636320795},"point_estimate":462.837233433857,"standard_error":33.80911020397972}}