{"mean":{"confidence_interval":{"confidence_level":0.95,"lower_bound":4217435.442000001,"upper_bound":4270338.839812499},"point_estimate":4242268.017499999,"standard_error":13463.800152636504},"median":{"confidence_interval":{"confidence_level":0.95,"lower_bound":4214263.916666667,"upper_bound":4250925.333333333},"point_estimate":4235717.0,"standard_error":9123.147110355556},"median_abs_dev":{"confidence_interval":{"confidence_level":0.95,"lower_bound":56364.43099120634,"upper_bound":105676.4520488684},"point_estimate":84173.62510561966,"standard_error":12491.849791853809},"slope":null,"std_dev":{"confidence_interval":{"confidence_level":0.95,"lower_bound":91138.79724816425,"upper_bound":176071.92810970827},"point_estimate":134928.72886321714,"standard_error":21795.03068045365}}