{"mean":{"confidence_interval":{"confidence_level":0.95,"lower_bound":17976381.512750003,"upper_bound":18547436.33058333},"point_estimate":18235071.973333333,"standard_error":146111.33085938732},"median":{"confidence_interval":{"confidence_level":0.95,"lower_bound":17656305.666666668,"upper_bound":18074166.666666668},"point_estimate":17807548.666666668,"standard_error":97277.2703000714},"median_abs_dev":{"confidence_interval":{"confidence_level":0.95,"lower_bound":545194.7586208619,"upper_bound":919708.5125894112},"point_estimate":769757.7520340681,"standard_error":90676.25187641098},"slope":null,"std_dev":{"confidence_interval":{"confidence_level":0.95,"lower_bound":859746.0011653374,"upper_bound":2102876.983537215},"point_estimate":1462611.828409238,"standard_error":358419.97053469927}}