{"mean":{"confidence_interval":{"confidence_level":0.95,"lower_bound":133483.4355786679,"upper_bound":134288.08118870767},"point_estimate":133828.15219390197,"standard_error":207.36921022162235},"median":{"confidence_interval":{"confidence_level":0.95,"lower_bound":133186.0585106383,"upper_bound":133628.34470611915},"point_estimate":133434.71107954544,"standard_error":131.1703298925745},"median_abs_dev":{"confidence_interval":{"confidence_level":0.95,"lower_bound":679.8046238149784,"upper_bound":1130.4033968434635},"point_estimate":890.6323486388579,"standard_error":117.22941360955231},"slope":{"confidence_interval":{"confidence_level":0.95,"lower_bound":133416.91066256518,"upper_bound":133997.50564986785},"point_estimate":133688.68828690704,"standard_error":148.67038044016226},"std_dev":{"confidence_interval":{"confidence_level":0.95,"lower_bound":893.7505086460367,"upper_bound":3232.735735873618},"point_estimate":2085.4031176259205,"standard_error":682.8043580427693}}