{"mean":{"confidence_interval":{"confidence_level":0.95,"lower_bound":56783.55765387005,"upper_bound":58943.48309838926},"point_estimate":57756.52714244523,"standard_error":554.0488992119085},"median":{"confidence_interval":{"confidence_level":0.95,"lower_bound":56165.993723290594,"upper_bound":58143.17650555853},"point_estimate":57044.28723404255,"standard_error":483.48647690742007},"median_abs_dev":{"confidence_interval":{"confidence_level":0.95,"lower_bound":2629.1361742494255,"upper_bound":4179.617000796966},"point_estimate":3330.999019388586,"standard_error":381.63528070584425},"slope":{"confidence_interval":{"confidence_level":0.95,"lower_bound":56891.28238200325,"upper_bound":61040.419280652604},"point_estimate":58736.26122128631,"standard_error":1070.4233166060064},"std_dev":{"confidence_interval":{"confidence_level":0.95,"lower_bound":2925.6515340085634,"upper_bound":8022.35559200033},"point_estimate":5574.24476097816,"standard_error":1357.8768696319728}}