{"mean":{"confidence_interval":{"confidence_level":0.95,"lower_bound":3977552.5024423073,"upper_bound":4090144.7562307687},"point_estimate":4027914.2323076897,"standard_error":28939.193814882245},"median":{"confidence_interval":{"confidence_level":0.95,"lower_bound":3954137.769230769,"upper_bound":3970083.3076923075},"point_estimate":3961679.5,"standard_error":4266.308659490004},"median_abs_dev":{"confidence_interval":{"confidence_level":0.95,"lower_bound":33669.78837916479,"upper_bound":62433.1402377438},"point_estimate":45240.625827587755,"standard_error":7494.943448013357},"slope":null,"std_dev":{"confidence_interval":{"confidence_level":0.95,"lower_bound":122977.93302677921,"upper_bound":412454.9522534915},"point_estimate":290718.259608454,"standard_error":71716.26179442996}}