{"mean":{"confidence_interval":{"confidence_level":0.95,"lower_bound":671862.4300723232,"upper_bound":684528.4741350638},"point_estimate":677102.5816353561,"standard_error":3290.870326147674},"median":{"confidence_interval":{"confidence_level":0.95,"lower_bound":669435.675,"upper_bound":674727.7102130326},"point_estimate":672603.6044520547,"standard_error":1324.6067734422309},"median_abs_dev":{"confidence_interval":{"confidence_level":0.95,"lower_bound":6643.816335309698,"upper_bound":10330.521297835003},"point_estimate":8258.344159538914,"standard_error":942.7291941926836},"slope":{"confidence_interval":{"confidence_level":0.95,"lower_bound":672756.3714961534,"upper_bound":682849.4623107221},"point_estimate":676967.8984320969,"standard_error":2604.5977304812473},"std_dev":{"confidence_interval":{"confidence_level":0.95,"lower_bound":8503.22450629487,"upper_bound":52466.66794612802},"point_estimate":33014.80193981899,"standard_error":12122.409380979403}}