{"mean":{"confidence_interval":{"confidence_level":0.95,"lower_bound":18371.79849791244,"upper_bound":18431.78729502674},"point_estimate":18401.004375886998,"standard_error":15.297560978327445},"median":{"confidence_interval":{"confidence_level":0.95,"lower_bound":18337.47505668934,"upper_bound":18400.45450885668},"point_estimate":18375.566624095358,"standard_error":17.82869985725999},"median_abs_dev":{"confidence_interval":{"confidence_level":0.95,"lower_bound":100.0527673098906,"upper_bound":172.4850555033244},"point_estimate":145.86467178538388,"standard_error":18.008119885640184},"slope":{"confidence_interval":{"confidence_level":0.95,"lower_bound":18320.581371416,"upper_bound":18370.74413835921},"point_estimate":18345.11019533794,"standard_error":12.78114232491904},"std_dev":{"confidence_interval":{"confidence_level":0.95,"lower_bound":122.99177919991254,"upper_bound":183.71523758780606},"point_estimate":153.96572357523704,"standard_error":15.575016106289244}}