{"mean":{"confidence_interval":{"confidence_level":0.95,"lower_bound":9208930.55108333,"upper_bound":9275138.123583334},"point_estimate":9239685.903333334,"standard_error":16878.762670948367},"median":{"confidence_interval":{"confidence_level":0.95,"lower_bound":9164569.416666666,"upper_bound":9184319.5},"point_estimate":9173194.5,"standard_error":5692.506899998597},"median_abs_dev":{"confidence_interval":{"confidence_level":0.95,"lower_bound":26949.343271551676,"upper_bound":62438.95659148831},"point_estimate":40776.68837606907,"standard_error":9615.448329725892},"slope":null,"std_dev":{"confidence_interval":{"confidence_level":0.95,"lower_bound":105886.42206056774,"upper_bound":223030.30472295237},"point_estimate":169606.4141648056,"standard_error":29813.398249206304}}