{"mean":{"confidence_interval":{"confidence_level":0.95,"lower_bound":2897241.2737794113,"upper_bound":2921342.743117647},"point_estimate":2908642.3264705883,"standard_error":6156.661359485545},"median":{"confidence_interval":{"confidence_level":0.95,"lower_bound":2881889.705882353,"upper_bound":2898026.9411764704},"point_estimate":2887725.470588235,"standard_error":4410.821402173565},"median_abs_dev":{"confidence_interval":{"confidence_level":0.95,"lower_bound":26565.05190484668,"upper_bound":47203.32320314973},"point_estimate":38275.06255577586,"standard_error":4943.1793903691805},"slope":null,"std_dev":{"confidence_interval":{"confidence_level":0.95,"lower_bound":45530.98840014291,"upper_bound":76679.33807411912},"point_estimate":61780.52303183126,"standard_error":7990.819120989656}}