{"mean":{"confidence_interval":{"confidence_level":0.95,"lower_bound":8824697.96320833,"upper_bound":9067712.3075},"point_estimate":8926873.956666669,"standard_error":62935.87165247575},"median":{"confidence_interval":{"confidence_level":0.95,"lower_bound":8735347.166666666,"upper_bound":8841882.0},"point_estimate":8773805.583333334,"standard_error":28476.736798297214},"median_abs_dev":{"confidence_interval":{"confidence_level":0.95,"lower_bound":159369.11897063255,"upper_bound":288231.7666828637},"point_estimate":209798.15092533873,"standard_error":34275.1409601548},"slope":null,"std_dev":{"confidence_interval":{"confidence_level":0.95,"lower_bound":258769.03876035404,"upper_bound":986122.9631342249},"point_estimate":630666.7131224328,"standard_error":219722.78690949472}}