{"mean":{"confidence_interval":{"confidence_level":0.95,"lower_bound":44309789.847625,"upper_bound":44766577.17725},"point_estimate":44534854.195,"standard_error":116421.12198823725},"median":{"confidence_interval":{"confidence_level":0.95,"lower_bound":44143750.0,"upper_bound":44609416.75},"point_estimate":44388479.25,"standard_error":117425.93291782174},"median_abs_dev":{"confidence_interval":{"confidence_level":0.95,"lower_bound":824696.235358715,"upper_bound":1511310.1515188813},"point_estimate":1136026.662531495,"standard_error":181007.89062752327},"slope":null,"std_dev":{"confidence_interval":{"confidence_level":0.95,"lower_bound":1013231.8418557787,"upper_bound":1301768.935154335},"point_estimate":1167035.216087238,"standard_error":73549.18289311013}}