{"mean":{"confidence_interval":{"confidence_level":0.95,"lower_bound":2405633.9218333336,"upper_bound":2441918.0420357133},"point_estimate":2420501.5309523805,"standard_error":9441.897647663161},"median":{"confidence_interval":{"confidence_level":0.95,"lower_bound":2395551.595238095,"upper_bound":2407000.0},"point_estimate":2402966.261904762,"standard_error":2896.8160295483267},"median_abs_dev":{"confidence_interval":{"confidence_level":0.95,"lower_bound":17041.074697460383,"upper_bound":29047.486984304003},"point_estimate":24318.73436825649,"standard_error":3045.537445679885},"slope":null,"std_dev":{"confidence_interval":{"confidence_level":0.95,"lower_bound":33542.16493545213,"upper_bound":150996.2286351693},"point_estimate":94697.41073104249,"standard_error":35758.312268973634}}