{"mean":{"confidence_interval":{"confidence_level":0.95,"lower_bound":20023342.844916668,"upper_bound":20575027.630916674},"point_estimate":20280329.6,"standard_error":140865.3810340357},"median":{"confidence_interval":{"confidence_level":0.95,"lower_bound":19747472.333333332,"upper_bound":20006555.333333332},"point_estimate":19856895.833333336,"standard_error":59913.16408648645},"median_abs_dev":{"confidence_interval":{"confidence_level":0.95,"lower_bound":340770.6125301132,"upper_bound":633533.2541525345},"point_estimate":488835.9445214308,"standard_error":76649.84058660237},"slope":null,"std_dev":{"confidence_interval":{"confidence_level":0.95,"lower_bound":909880.562004298,"upper_bound":1831466.6821038825},"point_estimate":1411083.651336627,"standard_error":234942.20132151793}}